"","Fold","TreeAccuracy","GLMAccuracy","KNNAccuracy","CombinedAccuracy","CombinedAccuracyRules","FinalAccuracy","Best_Depth","Best_K","Optimal_threshold_glm","Optimal_final_threshold","Optimal_final_threshold_insample","InSampleAccuracy.Combined_pred"
"1",1,0.777817403708987,0.78922967189729,0.79404422253923,0.781027104136947,0.797788873038516,0.807995435255519,12,9,0.425757575757576,0.48,0.4,0.816074533053983
"2",2,0.78601997146933,0.791012838801712,0.797610556348074,0.793152639087018,0.797075606276747,0.814093648585999,8,15,0.455454545454545,0.42,0.38,0.809699995542281
"3",3,0.783562132287395,0.786058120877162,0.783205562488857,0.783740417186664,0.78819753966839,0.803680325238044,8,27,0.445555555555556,0.46,0.42,0.802469686162625
"4",4,0.783701854493581,0.790656205420827,0.791726105563481,0.789764621968616,0.792974322396576,0.809885524767305,8,19,0.475252525252525,0.43,0.42,0.805598894485802
"5",5,0.790477888730385,0.791012838801712,0.79564907275321,0.791547788873039,0.796718972895863,0.812167897007953,10,7,0.495050505050505,0.47,0.4,0.829893460526902
